comuna;year;region;disponible;razon;comuna_names;pill;pilldistance
"Aisén";2009;"11";"*";"";"AISEN";0;348.9256
"Aisén";2010;"11";"*";"";"AISEN";0;316.2706
"Aisén";2011;"11";"*";"";"AISEN";0;348.9256
"Algarrobo";2009;"5";"0";"Alcalde no se pronuncia al respecto";"ALGARROBO";0;10.66377
"Algarrobo";2010;"5";"2";"";"ALGARROBO";0;10.66377
"Algarrobo";2011;"5";"2";"";"ALGARROBO";0;15.38948
"Alhué";2009;"rm";"1";"";"ALHUE";1;0
"Alhué";2010;"rm";"0";"No hay posición clara sobre el tema";"ALHUE";0;21.02925
"Alhué";2011;"rm";"1";"";"ALHUE";1;0
"Alto Biobío";2009;"8";"1";"No sabe, no responde";"ALTO BIOBIO";1;0
"Alto Biobío";2010;"8";"1";"";"ALTO BIOBIO";1;0
"Alto Biobío";2011;"8";"1";"";"ALTO BIOBIO";1;0
"Alto Hospicio";2009;"1";"1";"No sabe, no responde";"ALTO HOSPICIO";1;0
"Alto Hospicio";2010;"1";"9";"No entrega informacion telefonica";"ALTO HOSPICIO";0;75.48432
"Alto Hospicio";2011;"1";"1";"";"ALTO HOSPICIO";1;0
"Alto del Carmen";2009;"3";"1";"Cualquier persona";"ALTO DEL CARMEN";1;0
"Alto del Carmen";2010;"3";"1";"";"ALTO DEL CARMEN";1;0
"Alto del Carmen";2011;"3";"1";"";"ALTO DEL CARMEN";1;0
"Ancud";2009;"10";"0";"Alcalde no autoriza";"ANCUD";0;32.69607
"Ancud";2010;"10";"1";"";"ANCUD";1;0
"Ancud";2011;"10";"1";"";"ANCUD";1;0
"Andacollo";2009;"4";"*";"*";"ANDACOLLO";0;25.12232
"Andacollo";2010;"4";"*";"";"ANDACOLLO";0;80.3575
"Andacollo";2011;"4";"*";"";"ANDACOLLO";0;25.12232
"Angol";2009;"9";"2";"Sólo Violación";"ANGOL";0;0
"Angol";2010;"9";"1";"";"ANGOL";1;0
"Angol";2011;"9";"1";"";"ANGOL";1;0
"Antofagasta";2009;"2";"0";"No sabe, no responde";"ANTOFAGASTA";0;113.3199
"Antofagasta";2010;"2";"0";"No hay claridad legal frente al tema";"ANTOFAGASTA";0;113.3199
"Antofagasta";2011;"2";"0";"";"ANTOFAGASTA";0;180.7957
"Antuco";2009;"8";"0";"No sabe, no responde";"ANTUCO";0;47.0661
"Antuco";2010;"8";"1";"";"ANTUCO";1;0
"Antuco";2011;"8";"1";"";"ANTUCO";1;0
"Arauco";2009;"8";"0";"Alcalde no autoriza";"ARAUCO";0;32.24498
"Arauco";2010;"8";"9";"No se entrega informacion vía telefónica";"ARAUCO";0;26.04448
"Arauco";2011;"8";"1";"";"ARAUCO";1;0
"Arica";2009;"15";"1";"Matrona, medico";"ARICA";1;0
"Arica";2010;"15";"1";"";"ARICA";1;0
"Arica";2011;"15";"1";"";"ARICA";1;0
"Buin";2009;"rm";"1";"";"BUIN";1;0
"Buin";2010;"rm";"0";"";"BUIN";0;13.25973
"Buin";2011;"rm";"0";"";"BUIN";0;12.95172
"Bulnes";2009;"8";"1";"No sabe, no responde";"BULNES";1;0
"Bulnes";2010;"8";"1";"";"BULNES";1;0
"Bulnes";2011;"8";"1";"";"BULNES";1;0
"Cabildo";2009;"5";"0";"No se ha solicitado nunca";"CABILDO";0;34.11164
"Cabildo";2010;"5";"1";"";"CABILDO";1;0
"Cabildo";2011;"5";"1";"";"CABILDO";1;0
"Cabo de Hornos";2009;"12";"9";"";"CABO DE HORNOS";0;236.4592
"Cabo de Hornos";2010;"12";"9";"No es posible comunicarse";"CABO DE HORNOS";0;236.4592
"Cabo de Hornos";2011;"12";"0";"";"CABO DE HORNOS";0;236.4592
"Cabrero";2009;"8";"1";"Protocolo salud";"CABRERO";1;0
"Cabrero";2010;"8";"1";"";"CABRERO";1;0
"Cabrero";2011;"8";"1";"";"CABRERO";1;0
"Calama";2009;"2";"1";"Matrona, medico";"CALAMA";1;0
"Calama";2010;"2";"0";"No hay stock";"CALAMA";0;86.0391
"Calama";2011;"2";"1";"";"CALAMA";1;0
"Calbuco";2009;"10";"2";"Sólo Violación";"CALBUCO";0;27.54244
"Calbuco";2010;"10";"0";"No está claro marco legal";"CALBUCO";0;27.54244
"Calbuco";2011;"10";"sr";"";"CALBUCO";0;42.26151
"Caldera";2009;"3";"2";"Sólo Violación";"CALDERA";0;91.7709
"Caldera";2010;"3";"2";"";"CALDERA";0;91.7709
"Caldera";2011;"3";"1";"";"CALDERA";1;0
"Calera";2009;"5";"0";"No hay stock";"CALERA";0;8.56176
"Calera";2010;"5";"1";"";"CALERA";1;0
"Calera";2011;"5";"1";"";"CALERA";1;0
"Calera de Tango";2009;"rm";"2";"";"CALERA DE TANGO";0;9.69796
"Calera de Tango";2010;"rm";"0";"Alcalde no autoriza";"CALERA DE TANGO";0;6.186367
"Calera de Tango";2011;"rm";"1";"";"CALERA DE TANGO";1;0
"Calle Larga";2009;"5";"0";"Servicio salud deja de enviar";"CALLE LARGA";0;34.59016
"Calle Larga";2010;"5";"1";"";"CALLE LARGA";1;0
"Calle Larga";2011;"5";"sr";"";"CALLE LARGA";0;17.20441
"Camarones";2009;"15";"9";"No sabe";"CAMARONES";0;52.32407
"Camarones";2010;"15";"1";"";"CAMARONES";1;0
"Camarones";2011;"15";"nr";"";"CAMARONES";0;52.32407
"Camiña";2009;"1";"0";"No sabe, no responde";"CAMIÑA";0;104.7382
"Camiña";2010;"1";"1";"";"CAMIÑA";1;0
"Camiña";2011;"1";"1";"";"CAMIÑA";1;0
"Canela";2009;"4";"0";"No hay stock";"CANELA";0;49.68606
"Canela";2010;"4";"2";"";"CANELA";0;88.33462
"Canela";2011;"4";"1";"";"CANELA";1;0
"Carahue";2009;"9";"1";"Protocolo salud";"CURAHUE";1;31.00256
"Carahue";2010;"9";"1";"Protocolo salud";"CURAHUE";1;0
"Cartagena";2009;"5";"1";"Cualquier persona";"CARTAGENA";1;0
"Cartagena";2010;"5";"0";"No hay stock";"CARTAGENA";0;14.09028
"Cartagena";2011;"5";"2";"";"CARTAGENA";0;14.09028
"Casablanca";2009;"5";"1";"Matrona, medico";"CASABLANCA";1;0
"Casablanca";2010;"5";"0";"Se deriva a hospital";"CASABLANCA";0;22.96433
"Casablanca";2011;"5";"1";"";"CASABLANCA";1;0
"Castro";2009;"10";"0";"No hay stock";"CASTRO";0;18.4992
"Castro";2010;"10";"1";"";"CASTRO";1;0
"Castro";2011;"10";"0";"";"CASTRO";0;18.4992
"Catemu";2009;"5";"1";"Matrona, medico";"CATEMU";1;0
"Catemu";2010;"5";"1";"";"CATEMU";1;0
"Catemu";2011;"5";"1";"";"CATEMU";1;0
"Cauquenes";2009;"7";"0";"No sabe, no responde";"CAUQUENES";0;30.25677
"Cauquenes";2010;"7";"0";"Sin stock";"CAUQUENES";0;30.25677
"Cauquenes";2011;"7";"1";"";"CAUQUENES";1;0
"Cañete";2009;"8";"0";"No hay stock";"CAÑETE";0;28.08135
"Cañete";2010;"8";"0";"Se deriva a hospital";"CAÑETE";0;21.92698
"Cañete";2011;"8";"1";"";"CAÑETE";1;0
"Cerrillos";2009;"rm";"*";"";"CERRILLOS";0;4.058728
"Cerrillos";2010;"rm";"*";"";"CERRILLOS";0;3.552111
"Cerrillos";2011;"rm";"*";"";"CERRILLOS";0;3.552111
"Cerro Navia";2009;"rm";"0";"";"CERRO NAVIA";0;3.363674
"Cerro Navia";2010;"rm";"1";"";"CERRO NAVIA";1;0
"Cerro Navia";2011;"rm";"1";"";"CERRO NAVIA";1;0
"Chaitén";2009;"10";"9";"";"CHAITEN";0;84.96788
"Chaitén";2010;"10";"0";"";"CHAITEN";0;84.96788
"Chaitén";2011;"10";"0";"";"CHAITEN";0;84.96788
"Chanco";2009;"7";"0";"Derivan función a hospital";"CHANCO";0;20.50726
"Chanco";2010;"7";"0";"";"CHANCO";0;20.50726
"Chanco";2011;"7";"0";"";"CHANCO";0;20.50726
"Chañaral";2009;"3";"1";"Protocolo salud";"CHAÑARAL";1;0
"Chañaral";2010;"3";"1";"";"CHAÑARAL";1;0
"Chañaral";2011;"3";"1";"";"CHAÑARAL";1;0
"Chiguayante";2009;"8";"1";"No sabe, no responde";"CHIGUAYANTE";1;0
"Chiguayante";2010;"8";"1";"";"CHIGUAYANTE";1;0
"Chiguayante";2011;"8";"1";"";"CHIGUAYANTE";1;0
"Chile Chico";2009;"11";"*";"";"CHILE CHICO";0;306.4537
"Chile Chico";2010;"11";"*";"";"CHILE CHICO";0;306.4537
"Chile Chico";2011;"11";"*";"";"CHILE CHICO";0;306.4537
"Chillán";2009;"8";"1";"Matrona, medico";"CHILLAN";1;0
"Chillán";2010;"8";"1";"Protocolo salud";"CHILLAN";1;0
"Chillán";2011;"8";"1";"Protocolo salud";"CHILLAN";1;0
"Chillán Viejo";2009;"8";"1";"";"CHILLAN VIEJO";1;0
"Chillán Viejo";2010;"8";"2";"";"CHILLAN VIEJO";0;9.382774
"Chillán Viejo";2011;"8";"1";"";"CHILLAN VIEJO";1;0
"Chimbarongo";2009;"6";"0";"Alcalde no se pronuncia al respecto";"CHIMBARONGO";0;32.09751
"Chimbarongo";2010;"6";"2";"";"CHIMBARONGO";0;15.58997
"Chimbarongo";2011;"6";"sr";"";"CHIMBARONGO";0;15.58997
"Cholchol";2009;"9";"1";"No sabe, no responde";"CHOLCHOL";1;0
"Cholchol";2010;"9";"0";"No hay stock";"CHOLCHOL";0;17.43801
"Cholchol";2011;"9";"1";"";"CHOLCHOL";1;0
"Chonchi";2009;"10";"0";"No hay stock";"CHONCHI";0;24.87666
"Chonchi";2010;"10";"1";"";"CHONCHI";1;0
"Chonchi";2011;"10";"1";"";"CHONCHI";1;0
"Chépica";2009;"6";"1";"Cualquier persona";"CHEPICA";1;0
"Chépica";2010;"6";"1";"";"CHEPICA";1;0
"Chépica";2011;"6";"1";"";"CHEPICA";1;0
"Cisnes";2009;"11";"*";"";"CISNES";0;181.522
"Cisnes";2010;"11";"*";"";"CISNES";0;161.0219
"Cisnes";2011;"";"";"";"";0;181.522
"Cobquecura";2009;"8";"1";"Protocolo salud";"COBQUECURA";1;0
"Cobquecura";2010;"8";"1";"";"COBQUECURA";1;0
"Cobquecura";2011;"8";"0";"";"COBQUECURA";0;27.98758
"Cochamó";2009;"10";"9";"No sabe, no responde";"COCHAMO";0;65.88426
"Cochamó";2010;"10";"2";"";"COCHAMO";0;65.88426
"Cochamó";2011;"10";"sr";"";"COCHAMO";0;65.88426
"Cochrane";2009;"11";"*";"";"COCHRANE";0;239.7022
"Cochrane";2010;"11";"*";"";"COCHRANE";0;239.7022
"Cochrane";2011;"11";"*";"";"COCHRANE";0;239.7022
"Codegua";2009;"6";"2";"Sólo Violación";"CODEGUA";0;11.4156
"Codegua";2010;"6";"1";"";"CODEGUA";1;0
"Codegua";2011;"6";"1";"";"CODEGUA";1;0
"Coelemu";2009;"8";"1";"No sabe, no responde";"COELEMU";1;0
"Coelemu";2010;"8";"1";"";"COELEMU";1;0
"Coelemu";2011;"8";"1";"";"COELEMU";1;0
"Coihaique";2009;"11";"*";"";"COIHAIQUE";0;325.2938
"Coihaique";2010;"11";"*";"";"COIHAIQUE";0;311.3199
"Coihaique";2011;"11";"*";"";"COIHAIQUE";0;325.2938
"Coihueco";2009;"8";"0";"Alcalde no autoriza";"COIHUECO";0;29.59884
"Coihueco";2010;"8";"2";"";"COIHUECO";0;25.40817
"Coihueco";2011;"8";"1";"";"COIHUECO";1;0
"Coinco";2009;"6";"*";"*";"COINCO";0;10.11135
"Coinco";2010;"6";"*";"";"COINCO";0;8.887643
"Coinco";2011;"6";"*";"";"COINCO";0;8.887643
"Colbún";2009;"7";"0";"Alcalde no autoriza";"COLBUN";0;62.29366
"Colbún";2010;"7";"2";"";"COLBUN";0;34.44529
"Colbún";2011;"7";"0";"";"COLBUN";0;34.44529
"Colchane";2009;"1";"0";"No hay quien la entregue";"COLCHANE";0;124.6792
"Colchane";2010;"1";"1";"";"COLCHANE";1;0
"Colchane";2011;"1";"sr";"";"COLCHANE";0;69.50266
"Colina";2009;"rm";"2";"";"COLINA";0;25.08479
"Colina";2010;"rm";"1";"";"COLINA";1;0
"Colina";2011;"rm";"nr";"";"COLINA";0;25.08479
"Collipulli";2009;"9";"1";"Protocolo salud";"COLLIPULLI";1;0
"Collipulli";2010;"9";"1";"";"COLLIPULLI";1;0
"Collipulli";2011;"9";"sr";"";"COLLIPULLI";0;21.00959
"Coltauco";2009;"6";"1";"Matrona, medico";"COLTAUCO";1;0
"Coltauco";2010;"6";"2";"";"COLTAUCO";0;13.24508
"Coltauco";2011;"6";"No se entrega información telefonica";"";"COLTAUCO";0;13.24508
"Combarbalá";2009;"4";"1";"Matrona, medico";"COMBARBALA";1;0
"Combarbalá";2010;"4";"0";"Se deriva a hospital";"COMBARBALA";0;87.69299
"Combarbalá";2011;"4";"1";"";"COMBARBALA";1;0
"Concepción";2009;"8";"0";"No sabe, no responde";"CONCEPCION";0;8.83698
"Concepción";2010;"8";"0";"Alcalde no autoriza";"CONCEPCION";0;8.83698
"Concepción";2011;"8";"1";"";"CONCEPCION";1;0
"Conchalí";2009;"rm";"2";"";"CONCHALI";0;4.239672
"Conchalí";2010;"rm";"1";"";"CONCHALI";1;0
"Conchalí";2011;"rm";"1";"";"CONCHALI";1;0
"Concón";2009;"5";"1";"Matrona, medico";"CONCON";1;25.57652
"Concón";2010;"5";"1";"";"CONCON";1;0
"Concón";2011;"5";"1";"";"CONCON";1;0
"Constitución";2009;"7";"0";"No sabe, no responde";"CONSTITUCION";0;27.82123
"Constitución";2010;"7";"1";"";"CONSTITUCION";1;0
"Constitución";2011;"7";"1";"";"CONSTITUCION";1;0
"Contulmo";2009;"8";"2";"Sólo Violación";"CONTULMO";0;14.88986
"Contulmo";2010;"8";"1";"";"CONTULMO";1;0
"Contulmo";2011;"8";"1";"";"CONTULMO";1;0
"Copiapó";2009;"3";"0";"Alcalde no se pronuncia al respecto";"COPIAPO";0;62.09568
"Copiapó";2010;"3";"0";"Prohibición tribunal constitucional";"COPIAPO";0;62.09568
"Copiapó";2011;"3";"1";"";"COPIAPO";1;0
"Coquimbo";2009;"4";"1";"En caso de emergencia";"COQUIMBO";1;0
"Coquimbo";2010;"4";"0";"No autoriza servicio de salud";"COQUIMBO";0;101.2635
"Coquimbo";2011;"4";"1";"";"COQUIMBO";1;0
"Coronel";2009;"8";"0";"No hay stock";"CORONEL";0;12.62043
"Coronel";2010;"8";"0";"";"CORONEL";0;14.24098
"Coronel";2011;"8";"1";"";"CORONEL";1;0
"Corral";2009;"14";"0";"Alcalde no autoriza";"CORRAL";0;25.695
"Corral";2010;"14";"0";"";"CORRAL";0;51.92344
"Corral";2011;"14";"0";"";"CORRAL";0;25.695
"Cunco";2009;"9";"1";"Matrona, medico";"CUNCO";1;0
"Cunco";2010;"9";"1";"";"CUNCO";1;0
"Cunco";2011;"9";"1";"";"CUNCO";1;0
"Curacautín";2009;"9";"2";"Sólo Violación";"CURACAUTIN";0;46.82011
"Curacautín";2010;"9";"1";"";"CURACAUTIN";1;0
"Curacautín";2011;"9";"1";"";"CURACAUTIN";1;0
"Curacaví";2009;"rm";"*";"";"CURACAVI";0;21.47377
"Curacaví";2010;"rm";"*";"";"CURACAVI";0;21.47377
"Curacaví";2011;"rm";"*";"";"CURACAVI";0;18.96991
"Curaco de Vélez";2009;"10";"1";"No sabe, no responde";"CURACO DE VELEZ";1;0
"Curaco de Vélez";2010;"10";"1";"";"CURACO DE VELEZ";1;0
"Curaco de Vélez";2011;"10";"1";"";"CURACO DE VELEZ";1;0
"Curahue";2011;"9";"1";"";"CURAHUE";1;0
"Curanilahue";2009;"8";"0";"Servicio  salud deja de enviarlas";"CURANILAHUE";0;33.50069
"Curanilahue";2010;"8";"1";"";"CURANILAHUE";1;0
"Curanilahue";2011;"8";"1";"";"CURANILAHUE";1;0
"Curarrehue";2009;"9";"0";"No sabe, no responde";"CURARREHUE";0;22.93239
"Curarrehue";2010;"9";"1";"";"CURARREHUE";1;0
"Curarrehue";2011;"9";"1";"";"CURARREHUE";1;0
"Curepto";2009;"7";"0";"No hay stock";"CUREPTO";0;25.24492
"Curepto";2010;"7";"0";"";"CUREPTO";0;29.72169
"Curepto";2011;"7";"sr";"";"CUREPTO";0;25.24492
"Curicó";2009;"7";"1";"No sabe, no responde";"CURICO";1;0
"Curicó";2010;"7";"1";"";"CURICO";1;0
"Curicó";2011;"7";"1";"";"CURICO";1;0
"Dalcahue";2009;"10";"1";"";"DALCAHUE";1;0
"Dalcahue";2010;"10";"1";"";"DALCAHUE";1;0
"Dalcahue";2011;"10";"1";"";"DALCAHUE";1;0
"Diego de Almagro";2009;"3";"2";"Sólo Violación";"DIEGO DE ALMAGRO";0;115.9702
"Diego de Almagro";2010;"3";"0";"No hay claridad legal frente al tema";"DIEGO DE ALMAGRO";0;115.9702
"Diego de Almagro";2011;"3";"1";"";"DIEGO DE ALMAGRO";1;0
"Doñihue";2009;"6";"0";"Alcalde no se pronuncia al respecto";"DOÑIHUE";0;15.82428
"Doñihue";2010;"6";"1";"";"DOÑIHUE";1;0
"Doñihue";2011;"6";"1";"";"DOÑIHUE";1;0
"El Bosque";2009;"rm";"1";"";"EL BOSQUE";1;0
"El Bosque";2010;"rm";"1";"";"EL BOSQUE";1;0
"El Bosque";2011;"rm";"1";"";"EL BOSQUE";1;0
"El Carmen";2009;"8";"1";"Matrona, medico";"EL CARMEN";1;0
"El Carmen";2010;"8";"1";"";"EL CARMEN";1;0
"El Carmen";2011;"8";"1";"";"EL CARMEN";1;0
"El Monte";2009;"rm";"0";"Alcalde no autoriza";"EL MONTE";0;14.42864
"El Monte";2010;"rm";"1";"";"EL MONTE";1;0
"El Monte";2011;"rm";"1";"";"EL MONTE";1;0
"El Quisco";2009;"5";"1";"Matrona, medico";"EL QUISCO";1;0
"El Quisco";2010;"5";"1";"";"EL QUISCO";1;0
"El Quisco";2011;"5";"0";"";"EL QUISCO";0;9.958158
"El Tabo";2009;"5";"9";"Sin información";"EL TABO";0;9.958158
"El Tabo";2010;"5";"1";"";"EL TABO";1;0
"El Tabo";2011;"5";"1";"";"EL TABO";1;0
"Empedrado";2009;"7";"1";"En caso de emergencia";"EMPEDRADO";1;0
"Empedrado";2010;"7";"1";"";"EMPEDRADO";1;0
"Empedrado";2011;"7";"1";"";"EMPEDRADO";1;0
"Ercilla";2009;"9";"0";"Alcalde no se pronuncia al respecto";"ERCILLA";0;21.00959
"Ercilla";2010;"9";"1";"";"ERCILLA";1;0
"Ercilla";2011;"9";"1";"";"ERCILLA";1;0
"Florida";2009;"8";"9";"No sabe, no responde";"FLORIDA";0;19.2928
"Florida";2010;"8";"0";"Se deriva a hospital";"FLORIDA";0;19.2928
"Florida";2011;"8";"1";"";"FLORIDA";1;0
"Freire";2009;"9";"0";"Por acuerdo de matronas";"FREIRE";0;26.00113
"Freire";2010;"9";"0";"Alcalde no autoriza";"FREIRE";0;16.76185
"Freire";2011;"9";"1";"";"FREIRE";1;0
"Freirina";2009;"3";"0";"No hay stock";"FREIRINA";0;64.27192
"Freirina";2010;"3";"2";"";"FREIRINA";0;64.27192
"Freirina";2011;"3";"1";"";"FREIRINA";1;0
"Fresia";2009;"10";"0";"No sabe, no responde";"FRESIA";0;27.36938
"Fresia";2010;"10";"1";"";"FRESIA";1;0
"Fresia";2011;"10";"sr";"";"FRESIA";0;27.00502
"Frutillar";2009;"10";"1";"Protocolo salud";"FRUTILLAR";1;0
"Frutillar";2010;"10";"1";"";"FRUTILLAR";1;0
"Frutillar";2011;"10";"1";"";"FRUTILLAR";1;0
"Futaleufú";2009;"10";"*";"";"FUTALEUFU";0;132.0571
"Futaleufú";2010;"10";"9";"No es posible comunicarse";"FUTALEUFU";0;132.0571
"Futaleufú";2011;"10";"0";"";"FUTALEUFU";0;132.0571
"Futrono";2009;"14";"2";"Sólo Violación";"FUTRONO";0;28.55162
"Futrono";2010;"14";"0";"Alcalde no autoriza";"FUTRONO";0;28.55162
"Futrono";2011;"14";"1";"";"FUTRONO";1;0
"Galvarino";2009;"9";"1";"No sabe, no responde";"GALVARINO";1;17.43801
"Galvarino";2010;"9";"0";"No hay stock";"GALVARINO";0;0
"Galvarino";2011;"9";"1";"";"GALVARINO";1;0
"General Lagos";2009;"15";"0";"No hay stock";"GENERAL LAGOS";0;88.90616
"General Lagos";2010;"15";"0";"No es prioridad en la comuna";"GENERAL LAGOS";0;88.90616
"General Lagos";2011;"15";"0";"";"GENERAL LAGOS";0;88.90616
"Gorbea";2009;"9";"1";"No sabe, no responde";"GORBEA";1;0
"Gorbea";2010;"9";"0";"";"GORBEA";0;9.778298
"Gorbea";2011;"9";"1";"";"GORBEA";1;0
"Graneros";2009;"6";"*";"*";"GRANEROS";0;20.48429
"Graneros";2010;"6";"*";"";"GRANEROS";0;9.260392
"Graneros";2011;"6";"*";"";"GRANEROS";0;17.54871
"Guaitecas";2009;"11";"*";"";"GUAITECAS";0;122.9904
"Guaitecas";2010;"11";"*";"";"GUAITECAS";0;89.66408
"Guaitecas";2011;"11";"*";"";"GUAITECAS";0;122.9904
"Hijuelas";2009;"5";"0";"No hay stock";"HIJUELAS";0;15.68816
"Hijuelas";2010;"5";"1";"";"HIJUELAS";1;0
"Hijuelas";2011;"5";"1";"";"HIJUELAS";1;0
"Hualaihué";2009;"10";"*";"";"HUALAIHUE";0;83.96606
"Hualaihué";2010;"10";"*";"";"HUALAIHUE";0;83.96606
"Hualaihué";2011;"10";"*";"";"HUALAIHUE";0;83.96606
"Hualañé";2009;"7";"1";"No sabe, no responde";"HUALAÑE";1;0
"Hualañé";2010;"7";"1";"Relaciones sexuales sin protección";"HUALAÑE";1;0
"Hualañé";2011;"7";"9";"";"HUALAÑE";0;21.18619
"Hualpén";2009;"8";"1";"Protocolo salud";"HUALPEN";1;0
"Hualpén";2010;"8";"1";"";"HUALPEN";1;0
"Hualpén";2011;"8";"1";"";"HUALPEN";1;0
"Hualqui";2009;"8";"0";"Alcalde no autoriza";"HUALQUI";0;19.97308
"Hualqui";2010;"8";"0";"No hay stock";"HUALQUI";0;19.97308
"Hualqui";2011;"8";"1";"";"HUALQUI";1;0
"Huara";2009;"1";"0";"No hay stock";"HUARA";0;75.48432
"Huara";2010;"1";"1";"";"HUARA";1;0
"Huara";2011;"1";"sr";"";"HUARA";0;29.41479
"Huasco";2009;"3";"0";"No hay stock";"HUASCO";0;55.19433
"Huasco";2010;"3";"0";"No autoriza servicio de salud";"HUASCO";0;55.19433
"Huasco";2011;"3";"1";"";"HUASCO";1;0
"Huechuraba";2009;"rm";"1";"";"HUECHURABA";1;0
"Huechuraba";2010;"rm";"1";"";"HUECHURABA";1;0
"Huechuraba";2011;"rm";"1";"";"HUECHURABA";1;0
"Illapel";2009;"4";"9";"No sabe, no responde";"ILLAPEL";0;44.67634
"Illapel";2010;"4";"9";"No es posible comunicarse";"ILLAPEL";0;48.05452
"Illapel";2011;"4";"1";"";"ILLAPEL";1;0
"Independencia";2009;"rm";"0";"";"INDEPENDENCIA";0;2.585977
"Independencia";2010;"rm";"0";"";"INDEPENDENCIA";0;2.585977
"Independencia";2011;"rm";"1";"";"INDEPENDENCIA";1;0
"Iquique";2009;"1";"0";"No hay stock";"IQUIQUE";0;58.97062
"Iquique";2010;"1";"1";"";"IQUIQUE";1;0
"Iquique";2011;"1";"1";"";"IQUIQUE";1;0
"Isla de Maipo";2009;"rm";"0";"Alcalde no autoriza";"ISLA DE MAIPO";0;16.0242
"Isla de Maipo";2010;"rm";"1";"";"ISLA DE MAIPO";1;12.09932
"Isla de Maipo";2011;"rm";"0";"";"ISLA DE MAIPO";0;0
"Isla de Pascua";2009;"5";"*";"*";"ISLA DE PASCUA";0;3185.406
"Isla de Pascua";2010;"5";"*";"";"ISLA DE PASCUA";0;3185.406
"Isla de Pascua";2011;"5";"*";"";"ISLA DE PASCUA";0;3812.206
"Juan Fernández";2009;"5";"1";"Cualquier persona";"JUAN FERNANDEZ";1;0
"Juan Fernández";2010;"5";"1";"";"JUAN FERNANDEZ";1;0
"Juan Fernández";2011;"5";"9";"";"JUAN FERNANDEZ";0;703.3527
"La Cisterna";2009;"rm";"9";"";"LA CISTERNA";0;2.317797
"La Cisterna";2010;"rm";"0";"Esperan decreto que la autorice";"LA CISTERNA";0;3.620974
"La Cisterna";2011;"rm";"nr";"";"LA CISTERNA";0;2.317797
"La Cruz";2009;"5";"1";"Matrona, medico";"LA CRUZ";1;0
"La Cruz";2010;"5";"0";"Por decisión del alcalde";"LA CRUZ";0;8.56176
"La Cruz";2011;"5";"1";"";"LA CRUZ";1;0
"La Estrella";2009;"6";"0";"No sabe, no responde";"LA ESTRELLA";0;25.70264
"La Estrella";2010;"6";"1";"";"LA ESTRELLA";1;0
"La Estrella";2011;"6";"1";"";"LA ESTRELLA";1;0
"La Florida";2009;"rm";"1";"En caso de emergencia";"LA FLORIDA";1;0
"La Florida";2010;"rm";"2";"";"LA FLORIDA";0;4.951306
"La Florida";2011;"rm";"1";"Siempre que se solicita";"LA FLORIDA";1;0
"La Granja";2009;"rm";"9";"";"LA GRANJA";0;1.919461
"La Granja";2010;"rm";"0";"";"LA GRANJA";0;4.859421
"La Granja";2011;"rm";"1";"";"LA GRANJA";1;0
"La Higuera";2009;"4";"1";"No sabe, no responde";"LA HIGUERA";1;0
"La Higuera";2010;"4";"0";"No hay stock";"LA HIGUERA";0;76.27928
"La Higuera";2011;"4";"0";"";"LA HIGUERA";0;48.42188
"La Ligua";2009;"5";"0";"Alcalde no autoriza";"LA LIGUA";0;49.83539
"La Ligua";2010;"5";"1";"";"LA LIGUA";1;0
"La Ligua";2011;"5";"0";"";"LA LIGUA";0;16.89431
"La Pintana";2009;"rm";"0";"Resolución tribunales";"LA PINTANA";0;4.55743
"La Pintana";2010;"rm";"0";"";"LA PINTANA";0;4.55743
"La Pintana";2011;"rm";"1";"";"LA PINTANA";1;0
"La Reina";2009;"rm";"9";"";"LA REINA";0;5.886532
"La Reina";2010;"rm";"1";"";"LA REINA";1;0
"La Reina";2011;"rm";"nr";"";"LA REINA";0;4.366777
"La Serena";2009;"4";"2";"Sólo Violación";"LA SERENA";0;48.42188
"La Serena";2010;"4";"0";"Por decisión del alcalde";"LA SERENA";0;66.53783
"La Serena";2011;"4";"1";"";"LA SERENA";1;0
"La Unión";2009;"14";"2";"Sólo Violación";"LA UNION";0;25.59777
"La Unión";2010;"14";"2";"";"LA UNION";0;25.59777
"La Unión";2011;"14";"1";"";"LA UNION";1;0
"Lago Ranco";2009;"14";"1";"En caso de emergencia";"LAGO RANCO";1;0
"Lago Ranco";2010;"14";"1";"";"LAGO RANCO";1;0
"Lago Ranco";2011;"14";"1";"";"LAGO RANCO";1;0
"Lago Verde";2009;"11";"*";"";"LAGO VERDE";0;229.3388
"Lago Verde";2010;"11";"*";"";"LAGO VERDE";0;229.0704
"Lago Verde";2011;"11";"*";"";"LAGO VERDE";0;229.3388
"Laguna Blanca";2009;"12";"0";"";"LAGUNA BLANCA";0;155.6316
"Laguna Blanca";2010;"12";"0";"No hay interés por el tema";"LAGUNA BLANCA";0;100.3374
"Laguna Blanca";2011;"12";"0";"";"LAGUNA BLANCA";0;155.6316
"Laja";2009;"8";"0";"No sabe, no responde";"LAJA";0;24.95165
"Laja";2010;"8";"1";"";"LAJA";1;0
"Laja";2011;"8";"sr";"";"LAJA";0;25.08809
"Lampa";2009;"rm";"1";"";"LAMPA";1;0
"Lampa";2010;"rm";"1";"";"LAMPA";1;0
"Lampa";2011;"rm";"1";"";"LAMPA";1;0
"Lanco";2009;"14";"1";"Cualquier persona";"LANCO";1;0
"Lanco";2010;"14";"2";"";"LANCO";0;28.86325
"Lanco";2011;"14";"1";"";"LANCO";1;0
"Las Cabras";2009;"6";"1";"Cualquier persona";"LAS CABRAS";1;0
"Las Cabras";2010;"6";"1";"";"LAS CABRAS";1;0
"Las Cabras";2011;"6";"1";"";"LAS CABRAS";1;0
"Las Condes";2009;"rm";"0";"";"LAS CONDES";0;9.947938
"Las Condes";2010;"rm";"0";"Alcalde no autoriza";"LAS CONDES";0;4.391022
"Las Condes";2011;"rm";"nr";"";"LAS CONDES";0;7.469445
"Lautaro";2009;"9";"0";"No hay stock";"LAUTARO";0;18.14747
"Lautaro";2010;"9";"1";"";"LAUTARO";1;0
"Lautaro";2011;"9";"1";"";"LAUTARO";1;0
"Lebu";2009;"8";"0";"No sabe, no responde";"LEBU";0;60.41636
"Lebu";2010;"8";"9";"No se entrega informacion vía telefónica";"LEBU";0;20.58298
"Lebu";2011;"8";"1";"";"LEBU";1;0
"Licantén";2009;"7";"0";"No sabe, no responde";"LICANTEN";0;15.15771
"Licantén";2010;"7";"0";"Nunca se ha entregado";"LICANTEN";0;32.20876
"Licantén";2011;"7";"sr";"";"LICANTEN";0;15.15771
"Limache";2009;"5";"*";"*";"LIMACHE";0;23.06531
"Limache";2010;"5";"*";"";"LIMACHE";0;6.290299
"Limache";2011;"5";"*";"";"LIMACHE";0;6.290299
"Linares";2009;"7";"0";"No sabe, no responde";"LINARES";0;43.80579
"Linares";2010;"7";"1";"";"LINARES";1;0
"Linares";2011;"7";"1";"";"LINARES";1;0
"Litueche";2009;"6";"0";"Alcalde no se pronuncia al respecto";"LITUECHE";0;13.2331
"Litueche";2010;"6";"0";"Se deriva a hospital";"LITUECHE";0;13.2331
"Litueche";2011;"6";"1";"";"LITUECHE";1;0
"Llaillay";2009;"5";"*";"*";"LLAILLAY";0;20.44509
"Llaillay";2010;"5";"*";"";"LLAILLAY";0;12.50722
"Llaillay";2011;"5";"*";"";"LLAILLAY";0;12.50722
"Llanquihue";2009;"10";"1";"Cualquier persona";"LLANQUIHUE";1;0
"Llanquihue";2010;"10";"1";"";"LLANQUIHUE";1;0
"Llanquihue";2011;"10";"1";"";"LLANQUIHUE";1;0
"Lo Barnechea";2009;"rm";"0";"";"LO BARNECHEA";0;25.98132
"Lo Barnechea";2010;"rm";"1";"";"LO BARNECHEA";1;0
"Lo Barnechea";2011;"rm";"1";"";"LO BARNECHEA";1;0
"Lo Espejo";2009;"rm";"2";"";"LO ESPEJO";0;4.273776
"Lo Espejo";2010;"rm";"0";"Se deriva a hospital";"LO ESPEJO";0;3.448508
"Lo Espejo";2011;"rm";"0";"";"LO ESPEJO";0;3.448508
"Lo Prado";2009;"rm";"1";"";"LO PRADO";1;0
"Lo Prado";2010;"rm";"1";"";"LO PRADO";1;0
"Lo Prado";2011;"rm";"1";"";"LO PRADO";1;0
"Lolol";2009;"6";"0";"No sabe";"LOLOL";0;19.53013
"Lolol";2010;"6";"0";"Se deriva a hospital";"LOLOL";0;19.53013
"Lolol";2011;"6";"1";"Depende de matrona";"LOLOL";1;0
"Loncoche";2009;"9";"0";"Alcalde no se pronuncia al respecto";"LONCOCHE";0;17.63813
"Loncoche";2010;"9";"0";"";"LONCOCHE";0;31.04399
"Loncoche";2011;"9";"nr";"";"LONCOCHE";0;17.63813
"Longaví";2009;"7";"0";"Alcalde no autoriza";"LONGAVI";0;36.97382
"Longaví";2010;"7";"0";"Alcalde no autoriza";"LONGAVI";0;19.55529
"Longaví";2011;"7";"1";"";"LONGAVI";1;0
"Lonquimay";2009;"9";"1";"Matrona, medico";"LONQUIMAY";1;0
"Lonquimay";2010;"9";"0";"Consejo regionalno autoriza";"LONQUIMAY";0;46.82011
"Lonquimay";2011;"9";"sr";"";"LONQUIMAY";0;46.82011
"Los Andes";2009;"5";"0";"No sabe, no responde";"LOS ANDES";0;31.04274
"Los Andes";2010;"5";"1";"";"LOS ANDES";1;0
"Los Andes";2011;"5";"1";"En consejería se determina si es adecuada entrega";"LOS ANDES";1;0
"Los Lagos";2009;"14";"1";"Cualquier persona";"LOS LAGOS";1;0
"Los Lagos";2010;"14";"1";"";"LOS LAGOS";1;0
"Los Lagos";2011;"14";"1";"";"LOS LAGOS";1;0
"Los Muermos";2009;"10";"0";"No hay stock";"LOS MUERMOS";0;27.44617
"Los Muermos";2010;"10";"1";"";"LOS MUERMOS";1;0
"Los Muermos";2011;"10";"1";"";"LOS MUERMOS";1;0
"Los Sauces";2009;"9";"9";"No sabe, no responde";"LOS SAUCES";0;22.52753
"Los Sauces";2010;"9";"1";"";"LOS SAUCES";1;0
"Los Sauces";2011;"9";"1";"";"LOS SAUCES";1;0
"Los Vilos";2009;"4";"0";"No sabe, no responde";"LOS VILOS";0;61.51532
"Los Vilos";2010;"4";"2";"";"LOS VILOS";0;41.77549
"Los Vilos";2011;"4";"0";"";"LOS VILOS";0;47.30077
"Los Álamos";2009;"8";"0";"No hay stock";"LOS ALAMOS";0;46.31998
"Los Álamos";2010;"8";"1";"";"LOS ALAMOS";1;0
"Los Álamos";2011;"8";"1";"";"LOS ALAMOS";1;0
"Los Ángeles";2009;"8";"0";"Alcalde no autoriza";"LOS ANGELES";0;0
"Los Ángeles";2010;"8";"9";"No se entrega informacion vía telefónica";"LOS ANGELES";0;0
"Los Ángeles";2011;"8";"1";"";"LOS ANGELES";1;31.32882
"Lota";2009;"8";"1";"No sabe, no responde";"LOTA";1;0
"Lota";2010;"8";"0";"Están esperando decreto";"LOTA";0;21.69328
"Lota";2011;"8";"1";"";"LOTA";1;0
"Lumaco";2009;"9";"1";"Protocolo salud";"LUMACO";1;0
"Lumaco";2010;"9";"1";"";"LUMACO";1;0
"Lumaco";2011;"9";"1";"";"LUMACO";1;0
"Machalí";2009;"6";"1";"No sabe, no responde";"MACHALI";1;0
"Machalí";2010;"6";"1";"";"MACHALI";1;0
"Machalí";2011;"6";"1";"";"MACHALI";1;0
"Macul";2009;"rm";"2";"";"MACUL";0;2.742768
"Macul";2010;"rm";"0";"";"MACUL";0;3.504163
"Macul";2011;"rm";"1";"";"MACUL";1;0
"Maipú";2009;"rm";"*";"";"MAIPU";0;10.11622
"Maipú";2010;"rm";"1";"";"MAIPU";1;0
"Maipú";2011;"rm";"1";"";"MAIPU";1;0
"Malloa";2009;"6";"1";"Matrona, medico";"MALLOA";1;0
"Malloa";2010;"6";"1";"";"MALLOA";1;0
"Malloa";2011;"6";"1";"";"MALLOA";1;0
"Marchihue";2009;"6";"0";"Alcalde no se pronuncia al respecto";"MARCHIHUE";0;24.84664
"Marchihue";2010;"6";"1";"";"MARCHIHUE";1;0
"Marchihue";2011;"6";"0";"";"MARCHIHUE";0;17.768
"Mariquina";2009;"14";"1";"no sabe, no responde";"MARIQUINA";1;0
"Mariquina";2010;"14";"1";"";"MARIQUINA";1;0
"Mariquina";2011;"14";"1";"";"MARIQUINA";1;0
"María Elena";2009;"2";"1";"Matrona, medico";"MARIA ELENA";1;0
"María Elena";2010;"2";"1";"";"MARIA ELENA";1;0
"María Elena";2011;"2";"0";"";"MARIA ELENA";0;86.0391
"María Pinto";2009;"rm";"0";"";"MARIA PINTO";0;21.90203
"María Pinto";2010;"rm";"0";"";"MARIA PINTO";0;24.98676
"María Pinto";2011;"rm";"1";"";"MARIA PINTO";1;0
"Maule";2009;"7";"1";"No sabe, no responde";"MAULE";1;0
"Maule";2010;"7";"1";"";"MAULE";1;0
"Maule";2011;"7";"1";"";"MAULE";1;0
"Maullín";2009;"10";"1";"No sabe, no responde";"MAULLIN";1;0
"Maullín";2010;"10";"1";"";"MAULLIN";1;0
"Maullín";2011;"10";"sr";"";"MAULLIN";0;27.44617
"Mejillones";2009;"2";"*";"*";"MEJILLONES";0;97.87791
"Mejillones";2010;"2";"*";"";"MEJILLONES";0;97.87791
"Mejillones";2011;"2";"*";"";"MEJILLONES";0;182.6301
"Melipeuco";2009;"9";"0";"Alcalde no autoriza";"MELIPEUCO";0;37.18375
"Melipeuco";2010;"9";"0";"";"MELIPEUCO";0;37.18375
"Melipeuco";2011;"9";"nr";"";"MELIPEUCO";0;37.18375
"Melipilla";2009;"rm";"0";"Resolución tribunales";"MELIPILLA";0;31.47898
"Melipilla";2010;"rm";"0";"Por decreto que lo prohibe";"MELIPILLA";0;17.06672
"Melipilla";2011;"rm";"1";"";"MELIPILLA";1;0
"Molina";2009;"7";"0";"No sabe, no responde";"MOLINA";0;17.10632
"Molina";2010;"7";"1";"";"MOLINA";1;0
"Molina";2011;"7";"1";"";"MOLINA";1;0
"Monte Patria";2009;"4";"2";"Sólo Violación";"MONTE PATRIA";0;44.77567
"Monte Patria";2010;"4";"2";"";"MONTE PATRIA";0;107.6348
"Monte Patria";2011;"4";"1";"";"MONTE PATRIA";1;0
"Mostazal";2009;"6";"1";"Matrona, medico";"MOSTAZAL";1;0
"Mostazal";2010;"6";"2";"";"MOSTAZAL";0;11.4156
"Mostazal";2011;"6";"1";"";"MOSTAZAL";1;0
"Mulchén";2009;"8";"0";"Alcalde no autoriza";"MULCHEN";0;21.02823
"Mulchén";2010;"8";"1";"";"MULCHEN";1;0
"Mulchén";2011;"8";"1";"";"MULCHEN";1;0
"Máfil";2009;"14";"0";"Alcalde no autoriza";"MAFIL";0;24.10607
"Máfil";2010;"14";"1";"";"MAFIL";1;0
"Máfil";2011;"14";"1";"";"MAFIL";1;0
"Nacimiento";2009;"8";"1";"Protocolo salud";"NACIMIENTO";1;0
"Nacimiento";2010;"8";"1";"";"NACIMIENTO";1;0
"Nacimiento";2011;"8";"1";"";"NACIMIENTO";1;0
"Nancagua";2009;"6";"0";"Alcalde no se pronuncia al respecto";"NANCAGUA";0;19.51303
"Nancagua";2010;"6";"2";"";"NANCAGUA";0;20.58465
"Nancagua";2011;"6";"1";"";"NANCAGUA";1;0
"Natales";2009;"12";"0";"Alcalde no autoriza";"PUERTO NATALES";0;138.7929
"Natales";2010;"12";"2";"";"PUERTO NATALES";0;138.7929
"Natales";2011;"12";"1";"";"PUERTO NATALES";1;0
"Navidad";2009;"6";"1";"Matrona, medico";"NAVIDAD";1;0
"Navidad";2010;"6";"1";"";"NAVIDAD";1;0
"Navidad";2011;"6";"1";"";"NAVIDAD";1;0
"Negrete";2009;"8";"1";"Protocolo salud";"NEGRETE";1;0
"Negrete";2010;"8";"1";"";"NEGRETE";1;0
"Negrete";2011;"8";"1";"";"NEGRETE";1;0
"Ninhue";2009;"8";"0";"no hay stock";"NINHUE";0;21.23489
"Ninhue";2010;"8";"1";"";"NINHUE";1;0
"Ninhue";2011;"8";"1";"";"NINHUE";1;0
"Nogales";2009;"5";"0";"Alcalde no se pronuncia al respecto";"NOGALES";0;16.02612
"Nogales";2010;"5";"1";"";"NOGALES";1;0
"Nogales";2011;"5";"1";"";"NOGALES";1;0
"Nueva Imperial";2009;"9";"0";"No sabe, no responde";"NUEVA IMPERIAL";0;20.57229
"Nueva Imperial";2010;"9";"1";"";"NUEVA IMPERIAL";1;0
"Nueva Imperial";2011;"9";"1";"";"NUEVA IMPERIAL";1;0
"O'Higgins";2009;"11";"*";"";"O'HIGGINS";0;112.3593
"O'Higgins";2010;"11";"*";"";"O'HIGGINS";0;112.3593
"O'Higgins";2011;"11";"*";"";"O'HIGGINS";0;112.3593
"Olivar";2009;"6";"2";"Sólo Violación";"OLIVAR";0;20.20742
"Olivar";2010;"6";"0";"";"OLIVAR";0;9.519965
"Olivar";2011;"6";"1";"";"OLIVAR";1;0
"Ollagüe";2009;"2";"0";"Alcelde no se pronuncia al respecto";"OLLAGUE";0;84.65113
"Ollagüe";2010;"2";"0";"Desición de alcalde";"OLLAGUE";0;124.8189
"Ollagüe";2011;"2";"0";"";"OLLAGUE";0;84.65113
"Olmué";2009;"5";"0";"Alcalde no se pronuncia al respecto";"OLMUE";0;26.29758
"Olmué";2010;"5";"1";"";"OLMUE";1;0
"Olmué";2011;"5";"1";"";"OLMUE";1;0
"Osorno";2009;"10";"0";"";"OSORNO";0;21.48009
"Osorno";2010;"10";"0";"No la entregan desde que fue prohibida";"OSORNO";0;21.48009
"Osorno";2011;"10";"1";"";"OSORNO";1;0
"Ovalle";2009;"4";"2";"Sólo Violación";"OVALLE";0;31.07224
"Ovalle";2010;"4";"2";"";"OVALLE";0;131.1104
"Ovalle";2011;"4";"1";"";"OVALLE";1;0
"Padre Hurtado";2009;"rm";"0";"";"PADRE HURTADO";0;6.292708
"Padre Hurtado";2010;"rm";"1";"";"PADRE HURTADO";1;0
"Padre Hurtado";2011;"rm";"1";"";"PADRE HURTADO";1;0
"Padre Las Casas";2009;"9";"0";"Alcalde no se pronuncia al respecto";"PADRE LAS CASAS";0;15.26655
"Padre Las Casas";2010;"9";"1";"";"PADRE LAS CASAS";1;0
"Padre Las Casas";2011;"9";"1";"";"PADRE LAS CASAS";1;0
"Paiguano";2009;"4";"1";"Protocolo salud";"PAIGUANO";1;0
"Paiguano";2010;"4";"2";"";"PAIGUANO";0;38.30765
"Paiguano";2011;"4";"1";"";"PAIGUANO";1;0
"Paillaco";2009;"14";"9";"No sabe, no responde";"PAILLACO";0;32.91075
"Paillaco";2010;"14";"2";"";"PAILLACO";0;32.91075
"Paillaco";2011;"14";"1";"";"PAILLACO";1;0
"Paine";2009;"rm";"2";"";"PAINE";0;12.95172
"Paine";2010;"rm";"0";"Se deriva a hospital";"PAINE";0;26.20778
"Paine";2011;"rm";"1";"";"PAINE";1;0
"Palena";2009;"10";"0";"";"PALENA";0;157.899
"Palena";2010;"10";"0";"";"PALENA";0;157.899
"Palena";2011;"10";"0";"Se deriva a hospital";"PALENA";0;157.899
"Palmilla";2009;"6";"0";"Alcalde no se pronuncia al respecto";"PALMILLA";0;13.52901
"Palmilla";2010;"6";"1";"";"PALMILLA";1;0
"Palmilla";2011;"6";"sr";"";"PALMILLA";0;13.52901
"Panguipulli";2009;"14";"1";"Cualquier persona";"PANGUIPULLI";1;0
"Panguipulli";2010;"14";"1";"";"PANGUIPULLI";1;0
"Panguipulli";2011;"14";"1";"";"PANGUIPULLI";1;0
"Panquehue";2009;"5";"0";"Alcalde no se pronuncia al respecto";"PANQUEHUE";0;14.5028
"Panquehue";2010;"5";"1";"";"PANQUEHUE";1;0
"Panquehue";2011;"5";"1";"";"PANQUEHUE";1;0
"Papudo";2009;"5";"0";"Alcalde no se pronuncia al respecto";"PAPUDO";0;41.03236
"Papudo";2010;"5";"1";"";"PAPUDO";1;0
"Papudo";2011;"5";"1";"";"PAPUDO";1;0
"Paredones";2009;"6";"1";"Protocolo salud";"PAREDONES";1;0
"Paredones";2010;"6";"2";"";"PAREDONES";0;21.91693
"Paredones";2011;"6";"1";"";"PAREDONES";1;0
"Parral";2009;"7";"0";"No sabe, no responde";"PARRAL";0;33.24154
"Parral";2010;"7";"1";"";"PARRAL";1;0
"Parral";2011;"7";"0";"";"PARRAL";0;23.01879
"Pedro Aguirre Cerda";2009;"rm";"9";"";"PEDRO AGUIRRE CERDA";0;2.363683
"Pedro Aguirre Cerda";2009;"rm";"9";"";"PEDRO AGUIRRE CERDA";0;2.363683
"Pedro Aguirre Cerda";2009;"rm";"9";"";"PEDRO AGUIRRE CERDA";0;0
"Pedro Aguirre Cerda";2009;"rm";"9";"";"PEDRO AGUIRRE CERDA";0;2.363683
"Pedro Aguirre Cerda";2010;"rm";"1";"";"PEDRO AGUIRRE CERDA";1;0
"Pedro Aguirre Cerda";2011;"rm";"1";"";"PEDRO AGUIRRE CERDA";1;0
"Pelarco";2009;"7";"0";"No tienen recursos para comprarla";"PELARCO";0;15.46267
"Pelarco";2010;"7";"1";"";"PELARCO";1;0
"Pelarco";2011;"7";"1";"";"PELARCO";1;0
"Pelluhue";2009;"7";"1";"No sabe, no responde";"PELLUHUE";1;0
"Pelluhue";2010;"7";"1";"";"PELLUHUE";1;0
"Pelluhue";2011;"7";"1";"";"PELLUHUE";1;0
"Pemuco";2009;"8";"1";"Matrona, medico";"PEMUCO";1;0
"Pemuco";2010;"8";"1";"";"PEMUCO";1;0
"Pemuco";2011;"8";"1";"";"PEMUCO";1;0
"Pencahue";2009;"7";"1";"Protocolo salud";"PENCAHUE";1;0
"Pencahue";2010;"7";"0";"";"PENCAHUE";0;22.1799
"Pencahue";2011;"7";"1";"";"PENCAHUE";1;0
"Penco";2009;"8";"0";"Alcalde no se pronuncia al respecto";"PENCO";0;16.4742
"Penco";2010;"8";"2";"";"PENCO";0;16.4742
"Penco";2011;"8";"1";"";"PENCO";1;0
"Peralillo";2009;"6";"2";"Sólo Violación";"PERALILLO";0;17.90782
"Peralillo";2010;"6";"1";"";"PERALILLO";1;0
"Peralillo";2011;"6";"sr";"";"PERALILLO";0;17.90782
"Perquenco";2009;"9";"1";"Matrona, medico";"PERQUENCO";1;0
"Perquenco";2010;"9";"0";"No hay claridad legal frente al tema";"PERQUENCO";0;18.14747
"Perquenco";2011;"9";"1";"";"PERQUENCO";1;0
"Petorca";2009;"5";"0";"No sabe, no responde";"PETORCA";0;38.40469
"Petorca";2010;"5";"0";"";"PETORCA";0;25.53139
"Petorca";2011;"5";"1";"";"PETORCA";1;0
"Peumo";2009;"6";"1";"No sabe, no responde";"PEUMO";1;0
"Peumo";2010;"6";"1";"";"PEUMO";1;0
"Peumo";2011;"6";"sr";"";"PEUMO";0;11.75739
"Peñaflor";2009;"rm";"1";"";"PEÑAFLOR";1;0
"Peñaflor";2010;"rm";"1";"";"PEÑAFLOR";1;0
"Peñaflor";2011;"rm";"1";"";"PEÑAFLOR";1;0
"Peñalolén";2009;"rm";"0";"";"PEÑALOLEN";0;4.951306
"Peñalolén";2010;"rm";"1";"";"PEÑALOLEN";1;0
"Peñalolén";2011;"rm";"1";"";"PEÑALOLEN";1;0
"Pica";2009;"1";"1";"No sabe, no responde";"PICA";1;0
"Pica";2010;"1";"1";"";"PICA";1;0
"Pica";2011;"1";"1";"";"PICA";1;0
"Pichidegua";2009;"6";"1";"Matrona, medico";"PICHIDEGUA";1;0
"Pichidegua";2010;"6";"1";"";"PICHIDEGUA";1;0
"Pichidegua";2011;"6";"1";"";"PICHIDEGUA";1;0
"Pichilemu";2009;"6";"0";"No hay stock";"PICHILEMU";0;30.95275
"Pichilemu";2010;"6";"0";"Se deriva a hospital";"PICHILEMU";0;22.01964
"Pichilemu";2011;"6";"sr";"";"PICHILEMU";0;30.95275
"Pinto";2009;"8";"0";"Alcalde no autoriza";"PINTO";0;30.89891
"Pinto";2010;"8";"1";"";"PINTO";1;0
"Pinto";2011;"8";"1";"";"PINTO";1;0
"Pirque";2009;"rm";"9";"";"PIRQUE";0;21.30657
"Pirque";2010;"rm";"0";"Alcalde no autoriza";"PIRQUE";0;22.43184
"Pirque";2011;"rm";"1";"";"PIRQUE";1;0
"Pitrufquén";2009;"9";"0";"Alcalde no autoriza";"PITRUFQUEN";0;9.778298
"Pitrufquén";2010;"9";"1";"";"PITRUFQUEN";1;0
"Pitrufquén";2011;"9";"1";"";"PITRUFQUEN";1;0
"Placilla";2009;"6";"9";"No sabe, no responde";"PLACILLA";0;16.05999
"Placilla";2010;"6";"0";"";"PLACILLA";0;25.17048
"Placilla";2011;"6";"1";"";"PLACILLA";1;0
"Portezuelo";2009;"8";"1";"No sabe, no responde";"PORTEZUELO";1;0
"Portezuelo";2010;"8";"1";"";"PORTEZUELO";1;0
"Portezuelo";2011;"8";"No se entrega información telefonica";"";"PORTEZUELO";0;21.65813
"Porvenir";2009;"12";"*";"";"PORVENIR";0;179.3685
"Porvenir";2010;"12";"*";"";"PORVENIR";0;179.3685
"Porvenir";2011;"12";"*";"";"PORVENIR";0;179.3685
"Pozo Almonte";2009;"1";"1";"Protocolo salud";"POZO ALMONTE";1;0
"Pozo Almonte";2010;"1";"1";"";"POZO ALMONTE";1;0
"Pozo Almonte";2011;"1";"1";"";"POZO ALMONTE";1;0
"Primavera";2009;"12";"*";"";"PRIMAVERA";0;202.1515
"Primavera";2010;"12";"*";"";"PRIMAVERA";0;202.1515
"Primavera";2011;"12";"*";"";"PRIMAVERA";0;202.1515
"Providencia";2009;"rm";"0";"Alcalde no autoriza";"PROVIDENCIA";0;3.160531
"Providencia";2010;"rm";"0";"";"PROVIDENCIA";0;3.160531
"Providencia";2011;"rm";"1";"";"PROVIDENCIA";1;0
"Puchuncaví";2009;"5";"0";"Alcalde no autoriza";"PUCHUNCAVI";0;16.43448
"Puchuncaví";2010;"5";"1";"";"PUCHUNCAVI";1;0
"Puchuncaví";2011;"5";"1";"";"PUCHUNCAVI";1;0
"Pucón";2009;"9";"1";"Cualquier persona";"PUCON";1;0
"Pucón";2010;"9";"1";"";"PUCON";1;0
"Pucón";2011;"9";"1";"";"PUCON";1;0
"Pudahuel";2009;"rm";"1";"";"PUDAHUEL";1;0
"Pudahuel";2010;"rm";"0";"";"PUDAHUEL";0;10.11622
"Pudahuel";2011;"rm";"1";"";"PUDAHUEL";1;0
"Puente Alto";2009;"rm";"0";"Alcalde no autoriza";"PUENTE ALTO";0;7.159483
"Puente Alto";2010;"rm";"0";"Alcalde no autoriza";"PUENTE ALTO";0;11.42713
"Puente Alto";2011;"rm";"1";"";"PUENTE ALTO";1;0
"Puerto Montt";2009;"10";"1";"No sabe, no responde";"PUERTO MONTT";1;0
"Puerto Montt";2010;"10";"1";"";"PUERTO MONTT";1;0
"Puerto Montt";2011;"10";"1";"";"PUERTO MONTT";1;0
"Puerto Octay";2009;"10";"1";"";"PUERTO OCTAY";1;0
"Puerto Octay";2010;"10";"2";"";"PUERTO OCTAY";0;29.43924
"Puerto Octay";2011;"10";"2";"";"PUERTO OCTAY";0;29.43924
"Puerto Varas";2009;"10";"0";"No hay stock";"PUERTO VARAS";0;33.74388
"Puerto Varas";2010;"10";"2";"";"PUERTO VARAS";0;47.62706
"Puerto Varas";2011;"10";"1";"";"PUERTO VARAS";1;0
"Pumanque";2009;"6";"1";"Protocolo salud";"PUMANQUE";1;0
"Pumanque";2010;"6";"1";"";"PUMANQUE";1;0
"Pumanque";2011;"6";"1";"";"PUMANQUE";1;0
"Punitaqui";2009;"4";"1";"En caso de emergencia";"PUNITAQUI";1;0
"Punitaqui";2010;"4";"0";"No autoriza servicio de salud";"PUNITAQUI";0;122.8882
"Punitaqui";2011;"4";"0";"";"PUNITAQUI";0;31.07224
"Punta Arenas";2009;"12";"1";"";"PUNTA ARENAS";1;0
"Punta Arenas";2010;"12";"1";"";"PUNTA ARENAS";1;0
"Punta Arenas";2011;"12";"1";"";"PUNTA ARENAS";1;0
"Puqueldón";2009;"10";"1";"";"PUQUELDON";1;0
"Puqueldón";2010;"10";"1";"";"PUQUELDON";1;0
"Puqueldón";2011;"10";"1";"";"PUQUELDON";1;0
"Purranque";2009;"10";"1";"";"PURRANQUE";1;0
"Purranque";2010;"10";"1";"";"PURRANQUE";1;0
"Purranque";2011;"10";"1";"";"PURRANQUE";1;0
"Purén";2009;"9";"1";"No sabe, no responde";"PUREN";1;0
"Purén";2010;"9";"0";"Se deriva a hospital";"PUREN";0;14.88986
"Purén";2011;"9";"1";"";"PUREN";1;0
"Putaendo";2009;"5";"0";"No sabe, no responde";"PUTAENDO";0;27.97001
"Putaendo";2010;"5";"1";"";"PUTAENDO";1;0
"Putaendo";2011;"5";"1";"Alude religión";"PUTAENDO";1;0
"Putre";2009;"15";"0";"No hay stock";"PUTRE";0;70.85793
"Putre";2010;"15";"0";"";"PUTRE";0;68.90271
"Putre";2011;"15";"0";"";"PUTRE";0;70.85793
"Puyehue";2009;"10";"1";"En caso de emergencia";"PUYEHUE";1;0
"Puyehue";2010;"10";"1";"";"PUYEHUE";1;0
"Puyehue";2011;"10";"1";"";"PUYEHUE";1;0
"Queilén";2009;"10";"1";"";"QUEILEN";1;0
"Queilén";2010;"10";"1";"";"QUEILEN";1;0
"Queilén";2011;"10";"1";"";"QUEILEN";1;0
"Quellón";2009;"10";"0";"";"QUELLON";0;48.05739
"Quellón";2010;"10";"1";"";"QUELLON";1;0
"Quellón";2011;"10";"nr";"";"QUELLON";0;48.05739
"Quemchi";2009;"10";"2";"";"QUEMCHI";0;30.80349
"Quemchi";2010;"10";"1";"";"QUEMCHI";1;0
"Quemchi";2011;"10";"nr";"";"QUEMCHI";0;30.80349
"Quilaco";2009;"8";"1";"";"QUILACO";1;0
"Quilaco";2010;"8";"1";"";"QUILACO";1;0
"Quilaco";2011;"8";"1";"";"QUILACO";1;0
"Quilicura";2009;"rm";"9";"";"QUILICURA";0;9.066607
"Quilicura";2010;"rm";"1";"";"QUILICURA";1;0
"Quilicura";2011;"rm";"1";"";"QUILICURA";1;0
"Quilleco";2009;"8";"0";"No hay stock";"QUILLECO";0;23.00497
"Quilleco";2010;"8";"1";"";"QUILLECO";1;0
"Quilleco";2011;"8";"1";"";"QUILLECO";1;0
"Quillota";2009;"5";"0";"Alcalde no se pronuncia al respecto";"QUILLOTA";0;9.301833
"Quillota";2010;"5";"0";"No hay stock";"QUILLOTA";0;16.37692
"Quillota";2011;"5";"1";"";"QUILLOTA";1;0
"Quillón";2009;"8";"1";"Protocolo salud";"QUILLON";1;0
"Quillón";2010;"8";"1";"";"QUILLON";1;0
"Quillón";2011;"8";"1";"";"QUILLON";1;0
"Quilpué";2009;"5";"2";"Sólo Violación";"QUILPUE";0;25.15421
"Quilpué";2010;"5";"1";"";"QUILPUE";1;0
"Quilpué";2011;"5";"1";"";"QUILPUE";1;0
"Quinchao";2009;"10";"1";"En caso de emergencia";"QUINCHAO";1;0
"Quinchao";2010;"10";"1";"";"QUINCHAO";1;0
"Quinchao";2011;"10";"1";"";"QUINCHAO";1;0
"Quinta Normal";2009;"rm";"2";"";"QUINTA NORMAL";0;2.921299
"Quinta Normal";2010;"rm";"1";"";"QUINTA NORMAL";1;0
"Quinta Normal";2011;"rm";"1";"";"QUINTA NORMAL";1;0
"Quinta de Tilcoco";2009;"6";"2";"Sólo Violación";"QUINTA DE TILCOCO";0;13.24508
"Quinta de Tilcoco";2010;"6";"1";"";"QUINTA DE TILCOCO";1;0
"Quinta de Tilcoco";2011;"6";"1";"";"QUINTA DE TILCOCO";1;0
"Quintero";2009;"5";"*";"*";"QUINTERO";0;21.90111
"Quintero";2010;"5";"*";"";"QUINTERO";0;12.2312
"Quintero";2011;"5";"*";"";"QUINTERO";0;12.2312
"Quirihue";2009;"8";"0";"Alcalde no autoriza";"QUIRIHUE";0;17.04672
"Quirihue";2010;"8";"1";"";"QUIRIHUE";1;0
"Quirihue";2011;"";"";"";"";0;18.05606
"Rancagua";2009;"6";"0";"No sabe, no responde";"RANCAGUA";0;23.96757
"Rancagua";2010;"6";"1";"";"RANCAGUA";1;0
"Rancagua";2011;"6";"0";"";"RANCAGUA";0;9.519965
"Rauco";2009;"7";"0";"Alcalde no autoriza";"RAUCO";0;17.35094
"Rauco";2010;"7";"1";"";"RAUCO";1;0
"Rauco";2011;"7";"1";"";"RAUCO";1;0
"Recoleta";2009;"rm";"1";"";"RECOLETA";1;0
"Recoleta";2010;"rm";"1";"";"RECOLETA";1;0
"Recoleta";2011;"rm";"1";"";"RECOLETA";1;0
"Renaico";2009;"9";"0";"No hay stock";"RENAICO";0;12.16398
"Renaico";2010;"9";"0";"";"RENAICO";0;12.16398
"Renaico";2011;"9";"1";"";"RENAICO";1;0
"Renca";2009;"rm";"2";"";"RENCA";0;4.987237
"Renca";2010;"rm";"1";"";"RENCA";1;0
"Renca";2011;"rm";"0";"";"RENCA";0;2.739401
"Rengo";2009;"6";"0";"Ong sugiere que no entrgue";"RENGO";0;14.35103
"Rengo";2010;"6";"1";"";"RENGO";1;0
"Rengo";2011;"6";"1";"Depende de matrona";"RENGO";1;0
"Requínoa";2009;"6";"1";"Matrona, medico";"REQUINOA";1;0
"Requínoa";2010;"6";"1";"";"REQUINOA";1;0
"Requínoa";2011;"6";"1";"";"REQUINOA";1;0
"Retiro";2009;"7";"1";"No sabe, no responde";"RETIRO";1;0
"Retiro";2010;"7";"0";"";"RETIRO";0;33.24154
"Retiro";2011;"7";"2";"";"RETIRO";0;33.87025
"Rinconada";2009;"5";"0";"Por disposición ministerial";"RINCONADA";0;29.15515
"Rinconada";2010;"5";"1";"";"RINCONADA";1;0
"Rinconada";2011;"5";"1";"";"RINCONADA";1;0
"Romeral";2009;"7";"1";"Matrona, medico";"ROMERAL";1;0
"Romeral";2010;"7";"1";"";"ROMERAL";1;0
"Romeral";2011;"7";"1";"";"ROMERAL";1;0
"Ránquil";2009;"8";"9";"No sabe, no responde";"RANQUIL";0;15.08188
"Ránquil";2010;"8";"9";"No se entrega informacion vía telefónica";"RANQUIL";0;15.08188
"Ránquil";2011;"8";"0";"";"RANQUIL";0;20.93577
"Río Bueno";2009;"14";"1";"Cualquier persona";"RIO BUENO";1;0
"Río Bueno";2010;"14";"1";"";"RIO BUENO";1;0
"Río Bueno";2011;"14";"1";"";"RIO BUENO";1;0
"Río Claro";2009;"7";"1";"No sabe, no responde";"RIO CLARO";1;0
"Río Claro";2010;"7";"1";"";"RIO CLARO";1;0
"Río Claro";2011;"7";"1";"";"RIO CLARO";1;0
"Río Hurtado";2009;"4";"1";"Protocolo salud";"RIO HURTADO";1;0
"Río Hurtado";2010;"4";"0";"No hay stock";"RIO HURTADO";0;65.21886
"Río Hurtado";2011;"4";"1";"";"RIO HURTADO";1;0
"Río Ibáñez";2009;"11";"*";"";"RIO IBAÑEZ";0;359.0692
"Río Ibáñez";2010;"11";"*";"";"RIO IBAÑEZ";0;359.0692
"Río Ibáñez";2011;"11";"*";"";"RIO IBAÑEZ";0;359.0692
"Río Negro";2009;"10";"1";"";"RIO NEGRO";1;0
"Río Negro";2010;"10";"1";"";"RIO NEGRO";1;0
"Río Negro";2011;"10";"1";"";"RIO NEGRO";1;0
"Río Verde";2009;"12";"0";"No hay mujeres en edad fértil";"RIO VERDE";0;93.74017
"Río Verde";2010;"12";"1";"";"RIO VERDE";1;0
"Río Verde";2011;"12";"0";"";"RIO VERDE";0;93.74017
"Saavedra";2009;"9";"0";"Derivan función a hospital";"PUERTO SAAVEDRA";0;24.13316
"Saavedra";2010;"9";"0";"Se deriva a hospital";"PUERTO SAAVEDRA";0;24.70812
"Saavedra";2011;"9";"1";"";"PUERTO SAAVEDRA";1;0
"Sagrada Familia";2009;"7";"1";"Protocolo salud";"SAGRADA FAMILIA";1;0
"Sagrada Familia";2010;"7";"1";"";"SAGRADA FAMILIA";1;0
"Sagrada Familia";2011;"7";"1";"";"SAGRADA FAMILIA";1;0
"Salamanca";2009;"4";"1";"Cualquier persona";"SALAMANCA";1;0
"Salamanca";2010;"4";"1";"";"SALAMANCA";1;0
"Salamanca";2011;"4";"1";"";"SALAMANCA";1;0
"San Antonio";2009;"5";"0";"No sabe, no responde";"SAN ANTONIO";0;15.36452
"San Antonio";2010;"5";"0";"Por decreto que lo prohibe";"SAN ANTONIO";0;22.23719
"San Antonio";2011;"5";"1";"Solo Violación, de otra forma se entrega sólo receta";"SAN ANTONIO";1;0
"San Bernardo";2009;"rm";"2";"";"SAN BERNARDO";0;8.605708
"San Bernardo";2010;"rm";"1";"";"SAN BERNARDO";1;0
"San Bernardo";2011;"rm";"nr";"";"SAN BERNARDO";0;6.186367
"San Carlos";2009;"8";"2";"Sólo Violación";"SAN CARLOS";0;21.47819
"San Carlos";2010;"8";"1";"";"SAN CARLOS";1;0
"San Carlos";2011;"8";"1";"";"SAN CARLOS";1;0
"San Clemente";2009;"7";"2";"Sólo Violación";"SAN CLEMENTE";0;57.05384
"San Clemente";2010;"7";"1";"";"SAN CLEMENTE";1;0
"San Clemente";2011;"7";"2";"";"SAN CLEMENTE";0;40.22726
"San Esteban";2009;"5";"1";"Matrona, medico";"SAN ESTEBAN";1;0
"San Esteban";2010;"5";"1";"";"SAN ESTEBAN";1;0
"San Esteban";2011;"5";"1";"";"SAN ESTEBAN";1;0
"San Fabián";2009;"8";"1";"En caso de emergencia";"SAN FABIAN";1;0
"San Fabián";2010;"8";"1";"";"SAN FABIAN";1;0
"San Fabián";2011;"8";"1";"";"SAN FABIAN";1;0
"San Felipe";2009;"5";"0";"Alcalde no autoriza";"SAN FELIPE";0;18.24561
"San Felipe";2010;"5";"1";"";"SAN FELIPE";1;0
"San Felipe";2011;"5";"1";"";"SAN FELIPE";1;0
"San Fernando";2009;"6";"9";"No sabe, no responde";"SAN FERNANDO";0;37.37229
"San Fernando";2010;"6";"1";"";"SAN FERNANDO";1;0
"San Fernando";2011;"6";"1";"";"SAN FERNANDO";1;0
"San Gregorio";2009;"12";"0";"";"SAN GREGORIO";0;190.5124
"San Gregorio";2010;"12";"0";"";"SAN GREGORIO";0;161.967
"San Gregorio";2011;"12";"0";"";"SAN GREGORIO";0;190.5124
"San Ignacio";2009;"8";"0";"Alcalde no se pronuncia al respecto";"SAN IGNACIO";0;18.16018
"San Ignacio";2010;"8";"1";"";"SAN IGNACIO";1;0
"San Ignacio";2011;"8";"1";"";"SAN IGNACIO";1;0
"San Javier";2009;"7";"1";"No sabe, no responde";"SAN JAVIER";1;0
"San Javier";2010;"7";"1";"";"SAN JAVIER";1;0
"San Javier";2011;"7";"1";"";"SAN JAVIER";1;0
"San Joaquín";2009;"rm";"1";"";"SAN JOAQUIN";1;0
"San Joaquín";2010;"rm";"0";"";"SAN JOAQUIN";0;2.178184
"San Joaquín";2011;"rm";"1";"";"SAN JOAQUIN";1;0
"San José de Maipo";2009;"rm";"0";"";"SAN JOSE DE MAIPO";0;45.47621
"San José de Maipo";2010;"rm";"0";"";"SAN JOSE DE MAIPO";0;46.56643
"San José de Maipo";2011;"rm";"nr";"";"SAN JOSE DE MAIPO";0;38.0348
"San Juan de la Costa";2009;"10";"9";"";"SAN JUAN DE LA COSTA";0;31.51829
"San Juan de la Costa";2010;"10";"0";"";"SAN JUAN DE LA COSTA";0;31.51829
"San Juan de la Costa";2011;"10";"1";"";"SAN JUAN DE LA COSTA";1;0
"San Miguel";2009;"rm";"1";"En casos calificados por programa de la mujer";"SAN MIGUEL";1;0
"San Miguel";2010;"rm";"1";"";"SAN MIGUEL";1;0
"San Miguel";2011;"rm";"1";"";"SAN MIGUEL";1;0
"San Nicolás";2009;"8";"1";"Protocolo salud";"SAN NICOLAS";1;0
"San Nicolás";2010;"8";"1";"";"SAN NICOLAS";1;0
"San Nicolás";2011;"8";"1";"";"SAN NICOLAS";1;0
"San Pablo";2009;"10";"1";"";"SAN PABLO";1;0
"San Pablo";2010;"10";"1";"";"SAN PABLO";1;0
"San Pablo";2011;"10";"1";"";"SAN PABLO";1;0
"San Pedro";2009;"rm";"9";"";"SAN PEDRO";0;28.11371
"San Pedro";2010;"rm";"1";"";"SAN PEDRO";1;0
"San Pedro";2011;"rm";"1";"";"SAN PEDRO";1;0
"San Pedro de Atacama";2009;"2";"1";"No sabe, no responde";"SAN PEDRO DE ATACAMA";1;0
"San Pedro de Atacama";2010;"2";"1";"";"SAN PEDRO DE ATACAMA";1;0
"San Pedro de Atacama";2011;"2";"1";"";"SAN PEDRO DE ATACAMA";1;0
"San Pedro de la Paz";2009;"8";"9";"No sabe, no responde";"SAN PEDRO DE LA PAZ";0;8.613447
"San Pedro de la Paz";2010;"8";"1";"";"SAN PEDRO DE LA PAZ";1;0
"San Pedro de la Paz";2011;"8";"1";"";"SAN PEDRO DE LA PAZ";1;0
"San Rafael";2009;"7";"1";"Matrona, medico";"SAN RAFAEL";1;0
"San Rafael";2010;"7";"1";"";"SAN RAFAEL";1;0
"San Rafael";2011;"7";"1";"";"SAN RAFAEL";1;0
"San Ramón";2009;"rm";"1";"";"SAN RAMON";1;0
"San Ramón";2010;"rm";"2";"";"SAN RAMON";0;3.993208
"San Ramón";2011;"rm";"1";"";"SAN RAMON";1;0
"San Rosendo";2009;"8";"0";"No hay stock";"SAN ROSENDO";0;22.35022
"San Rosendo";2010;"8";"1";"";"SAN ROSENDO";1;0
"San Rosendo";2011;"8";"0";"";"SAN ROSENDO";0;16.73156
"San Vicente";2009;"6";"1";"No sabe, no responde";"SAN VICENTE";1;0
"San Vicente";2010;"6";"0";"";"SAN VICENTE";0;17.44314
"San Vicente";2011;"6";"sr";"";"SAN VICENTE";0;16.05999
"Santa Bárbara";2009;"8";"1";"Protocolo salud";"SANTA BARBARA";1;0
"Santa Bárbara";2010;"8";"1";"";"SANTA BARBARA";1;0
"Santa Bárbara";2011;"8";"0";"";"SANTA BARBARA";0;23.00497
"Santa Cruz";2009;"6";"1";"Matrona, medico";"SANTA CRUZ";1;0
"Santa Cruz";2010;"6";"0";"";"SANTA CRUZ";0;13.52901
"Santa Cruz";2011;"6";"1";"";"SANTA CRUZ";1;0
"Santa Juana";2009;"8";"1";"Protocolo salud";"SANTA JUANA";1;0
"Santa Juana";2010;"8";"1";"";"SANTA JUANA";1;0
"Santa Juana";2011;"8";"9";"";"SANTA JUANA";0;21.69328
"Santa María";2009;"5";"0";"No tienen recursos para comprarla";"SANTA MARIA";0;24.52261
"Santa María";2010;"5";"0";"No hay presupuesto";"SANTA MARIA";0;14.55163
"Santa María";2011;"5";"sr";"";"SANTA MARIA";0;14.55163
"Santiago";2009;"rm";"0";"";"SANTIAGO";0;4.263503
"Santiago";2010;"rm";"0";"Alcalde no autoriza";"SANTIAGO";0;4.263503
"Santiago";2011;"rm";"1";"";"SANTIAGO";1;0
"Santo Domingo";2009;"5";"0";"Alcalde no se pronuncia al respecto";"SANTO DOMINGO";0;26.18793
"Santo Domingo";2010;"5";"0";"";"SANTO DOMINGO";0;24.77074
"Santo Domingo";2011;"5";"0";"";"SANTO DOMINGO";0;23.6151
"Sierra Gorda";2009;"2";"1";"En caso de emergencia";"SIERRA GORDA";1;0
"Sierra Gorda";2010;"2";"1";"";"SIERRA GORDA";1;0
"Sierra Gorda";2011;"2";"0";"";"SIERRA GORDA";0;139.6318
"Talagante";2009;"rm";"0";"";"TALAGANTE";0;7.87567
"Talagante";2010;"rm";"0";"Alcalde no autoriza";"TALAGANTE";0;7.87567
"Talagante";2011;"rm";"1";"";"TALAGANTE";1;0
"Talca";2009;"7";"0";"Alcalde no se pronuncia al respecto";"TALCA";0;13.3828
"Talca";2010;"7";"1";"";"TALCA";1;0
"Talca";2011;"7";"1";"";"TALCA";1;0
"Talcahuano";2009;"8";"0";"No sabe, no responde";"TALCAHUANO";0;8.969522
"Talcahuano";2010;"8";"0";"Alcalde no autoriza";"TALCAHUANO";0;8.969522
"Talcahuano";2011;"8";"1";"";"TALCAHUANO";1;0
"Taltal";2009;"2";"9";"Sin información";"TALTAL";0;126.5259
"Taltal";2010;"2";"0";"Se deriva a hospital";"TALTAL";0;126.5259
"Taltal";2011;"2";"0";"";"TALTAL";0;122.8674
"Temuco";2009;"9";"1";"Matrona, medico";"TEMUCO";1;0
"Temuco";2010;"9";"9";"No se entrega informacion vía telefónica";"TEMUCO";0;15.26655
"Temuco";2011;"9";"1";"";"TEMUCO";1;0
"Teno";2009;"7";"0";"Ley lo prohibe";"TENO";0;32.69493
"Teno";2010;"7";"1";"";"TENO";1;0
"Teno";2011;"7";"1";"";"TENO";1;0
"Teodoro Schmidt";2009;"9";"1";"No sabe, no responde";"TEODORO SCHMIDT";1;0
"Teodoro Schmidt";2010;"9";"0";"Alcalde no autoriza";"TEODORO SCHMIDT";0;31.68651
"Teodoro Schmidt";2011;"9";"1";"";"TEODORO SCHMIDT";1;0
"Tierra Amarilla";2009;"3";"1";"Cualquier persona";"TIERRA AMARILLA";1;0
"Tierra Amarilla";2010;"3";"1";"";"TIERRA AMARILLA";1;0
"Tierra Amarilla";2011;"3";"1";"";"TIERRA AMARILLA";1;0
"Tiltil";2009;"rm";"0";"";"TILTIL";0;23.87875
"Tiltil";2010;"rm";"1";"";"TILTIL";1;0
"Tiltil";2011;"rm";"1";"";"TILTIL";1;0
"Timaukel";2009;"12";"0";"";"TIMAUKEL";0;174.6237
"Timaukel";2010;"12";"9";"No es posible comunicarse";"TIMAUKEL";0;174.6237
"Timaukel";2011;"12";"sr";"";"TIMAUKEL";0;174.6237
"Tirúa";2009;"8";"1";"Matrona, medico";"TIRUA";1;0
"Tirúa";2010;"8";"2";"";"TIRUA";0;30.56514
"Tirúa";2011;"8";"1";"";"TIRUA";1;0
"Tocopilla";2009;"2";"*";"*";"TOCOPILLA";0;57.95572
"Tocopilla";2010;"2";"*";"";"TOCOPILLA";0;57.95572
"Tocopilla";2011;"2";"*";"";"TOCOPILLA";0;117.6668
"Toltén";2009;"9";"9";"No sabe, no responde";"TOLTEN";0;24.10421
"Toltén";2010;"9";"0";"Alcalde no autoriza";"TOLTEN";0;32.89075
"Toltén";2011;"9";"0";"";"TOLTEN";0;24.10421
"Tomé";2009;"8";"1";"Protocolo salud";"TOME";1;0
"Tomé";2010;"8";"1";"";"TOME";1;0
"Tomé";2011;"8";"1";"";"TOME";1;0
"Torres del Paine";2009;"12";"9";"";"TORRES DEL PAINE";0;176.3774
"Torres del Paine";2010;"12";"0";"";"TORRES DEL PAINE";0;176.3774
"Torres del Paine";2011;"12";"0";"";"TORRES DEL PAINE";0;92.24952
"Tortel";2009;"11";"*";"";"TORTEL";0;175.6571
"Tortel";2010;"11";"*";"";"TORTEL";0;175.6571
"Tortel";2011;"11";"*";"";"TORTEL";0;175.6571
"Traiguén";2009;"9";"1";"Matrona, medico";"TRAIGUEN";1;0
"Traiguén";2010;"9";"1";"";"TRAIGUEN";1;0
"Traiguén";2011;"9";"1";"";"TRAIGUEN";1;0
"Treguaco";2009;"8";"0";"Alcalde no se pronuncia al respecto";"TREGUACO";0;11.79917
"Treguaco";2010;"8";"0";"No hay stock";"TREGUACO";0;11.79917
"Treguaco";2011;"8";"1";"";"TREGUACO";1;0
"Tucapel";2009;"8";"0";"Alcalde no autoriza";"TUCAPEL";0;21.29811
"Tucapel";2010;"8";"9";"No se entrega informacion vía telefónica";"TUCAPEL";0;21.29811
"Tucapel";2011;"8";"1";"";"TUCAPEL";1;0
"Valdivia";2009;"14";"1";"No sabe, no responde";"VALDIVIA";1;0
"Valdivia";2010;"14";"0";"";"VALDIVIA";0;29.77131
"Valdivia";2011;"14";"1";"";"VALDIVIA";1;0
"Vallenar";2009;"3";"1";"Matrona, medico";"VALLENAR";1;0
"Vallenar";2010;"3";"1";"";"VALLENAR";1;0
"Vallenar";2011;"3";"0";"";"VALLENAR";0;55.19433
"Valparaíso";2009;"5";"0";"Alcalde no se pronuncia al respecto";"VALPARAISO";0;24.3341
"Valparaíso";2010;"5";"1";"";"VALPARAISO";1;0
"Valparaíso";2011;"5";"0";"";"VALPARAISO";0;12.45285
"Vichuquén";2009;"7";"1";"No sabe, no responde";"VICHUQUEN";1;0
"Vichuquén";2010;"7";"0";"La población lo considera algo malo";"VICHUQUEN";0;31.23338
"Vichuquén";2011;"7";"1";"";"VICHUQUEN";1;0
"Victoria";2009;"9";"0";"Alcalde no autoriza";"VICTORIA";0;24.17432
"Victoria";2010;"9";"0";"No hay marco legal para entregarla";"VICTORIA";0;24.33858
"Victoria";2011;"9";"0";"";"VICTORIA";0;24.17432
"Vicuña";2009;"4";"0";"Alcalde no se pronuncia al respecto";"VICUÑA";0;38.30765
"Vicuña";2010;"4";"1";"";"VICUÑA";1;0
"Vicuña";2011;"4";"1";"";"VICUÑA";1;0
"Vilcún";2009;"9";"0";"Alcalde no autoriza";"VILCUN";0;32.1338
"Vilcún";2010;"9";"1";"";"VILCUN";1;0
"Vilcún";2011;"9";"1";"";"VILCUN";1;0
"Villa Alegre";2009;"7";"1";"Protocolo salud";"VILLA ALEGRE";1;0
"Villa Alegre";2010;"7";"1";"";"VILLA ALEGRE";1;0
"Villa Alegre";2011;"7";"1";"";"VILLA ALEGRE";1;0
"Villa Alemana";2009;"5";"2";"Sólo Violación";"VILLA ALEMANA";0;28.15698
"Villa Alemana";2010;"5";"1";"";"VILLA ALEMANA";1;0
"Villa Alemana";2011;"5";"1";"";"VILLA ALEMANA";1;0
"Villarrica";2009;"9";"1";"Matrona, medico";"VILLARICA";1;0
"Villarrica";2010;"9";"1";"";"VILLARICA";1;0
"Villarrica";2011;"9";"2";"";"VILLARICA";0;33.97057
"Vitacura";2009;"rm";"0";"Alcalde no autoriza";"VITACURA";0;6.420992
"Vitacura";2010;"rm";"0";"Alcalde no autoriza";"VITACURA";0;6.420992
"Vitacura";2011;"rm";"1";"";"VITACURA";1;0
"Viña del Mar";2009;"5";"0";"Alcalde no autoriza";"VIÑA DEL MAR";0;32.72943
"Viña del Mar";2010;"5";"9";"No se entrega informacion vía telefónica";"VIÑA DEL MAR";0;9.464976
"Viña del Mar";2011;"5";"1";"";"VIÑA DEL MAR";1;0
"Yerbas Buenas";2009;"7";"2";"Sólo Violación";"YERBAS BUENAS";0;12.57581
"Yerbas Buenas";2010;"7";"1";"";"YERBAS BUENAS";1;0
"Yerbas Buenas";2011;"7";"1";"";"YERBAS BUENAS";1;0
"Yumbel";2009;"8";"0";"Alcalde no autoriza";"YUMBEL";0;21.09119
"Yumbel";2010;"8";"1";"";"YUMBEL";1;0
"Yumbel";2011;"8";"1";"";"YUMBEL";1;0
"Yungay";2009;"8";"1";"Matrona, medico";"YUNGAY";1;0
"Yungay";2010;"8";"1";"";"YUNGAY";1;0
"Yungay";2011;"8";"1";"";"YUNGAY";1;0
"Zapallar";2009;"5";"0";"No sabe, no responde";"ZAPALLAR";0;27.87983
"Zapallar";2010;"5";"1";"";"ZAPALLAR";1;0
"Zapallar";2011;"5";"1";"";"ZAPALLAR";1;0
"Zona sin demarcar";2009;"";"";"";"";0;0
"Zona sin demarcar";2010;"";"";"";"";0;0
"Zona sin demarcar";2011;"";"";"";"";0;0
"Ñiquén";2009;"8";"2";"Sólo Violación";"ÑIQUEN";0;33.87025
"Ñiquén";2010;"8";"1";"";"ÑIQUEN";1;0
"Ñiquén";2011;"8";"1";"";"ÑIQUEN";1;0
"Ñuñoa";2009;"rm";"1";"";"ÑUÑOA";1;0
"Ñuñoa";2010;"rm";"1";"";"ÑUÑOA";1;0
"Ñuñoa";2011;"rm";"1";"";"ÑUÑOA";1;0
